{
  "Linear Regression": {
    "model": "Linear Regression",
    "train": {
      "mse": 1.2583142020062802e-29,
      "rmse": 3.547272476151614e-15,
      "mae": 2.9386813486889656e-15,
      "r2": 1.0
    },
    "val": {
      "mse": 1.2853687411355355e-29,
      "rmse": 3.585203956730405e-15,
      "mae": 2.9631163993934975e-15,
      "r2": 1.0
    },
    "test": {
      "mse": 1.2657204245972586e-29,
      "rmse": 3.557696480304719e-15,
      "mae": 2.942238103627707e-15,
      "r2": 1.0
    }
  },
  "Ridge Regression": {
    "model": "Ridge Regression",
    "train": {
      "mse": 8.359016727134103e-08,
      "rmse": 0.0002891196417944326,
      "mae": 0.00014437197633196164,
      "r2": 0.9999998927210697
    },
    "val": {
      "mse": 7.973752306004201e-08,
      "rmse": 0.00028237833319863975,
      "mae": 0.00014227911446640064,
      "r2": 0.9999999010054983
    },
    "test": {
      "mse": 8.366210583568013e-08,
      "rmse": 0.0002892440247190599,
      "mae": 0.00014368570421496692,
      "r2": 0.9999998938498493
    }
  },
  "Lasso Regression": {
    "model": "Lasso Regression",
    "train": {
      "mse": 0.009999999999999974,
      "rmse": 0.09999999999999987,
      "mae": 0.07889671420376887,
      "r2": 0.9871660825889562
    },
    "val": {
      "mse": 0.010338202992345627,
      "rmse": 0.10167695408668391,
      "mae": 0.08047185675057109,
      "r2": 0.9871650734255693
    },
    "test": {
      "mse": 0.010115940637029126,
      "rmse": 0.10057803257684615,
      "mae": 0.07906734138890603,
      "r2": 0.9871649343232204
    }
  },
  "Random Forest": {
    "model": "Random Forest",
    "train": {
      "mse": 1.80467009423919e-08,
      "rmse": 0.00013433801004329303,
      "mae": 4.958785409974106e-06,
      "r2": 0.9999999768390131
    },
    "val": {
      "mse": 4.9425934961759445e-08,
      "rmse": 0.0002223194435081184,
      "mae": 9.945615123071881e-06,
      "r2": 0.9999999386374744
    },
    "test": {
      "mse": 2.453861532154185e-07,
      "rmse": 0.0004953646669024937,
      "mae": 2.032286297722885e-05,
      "r2": 0.9999996886550143
    }
  },
  "Gradient Boosting": {
    "model": "Gradient Boosting",
    "train": {
      "mse": 7.838679281702006e-10,
      "rmse": 2.7997641475135017e-05,
      "mae": 1.98414226941378e-05,
      "r2": 0.9999999989939904
    },
    "val": {
      "mse": 1.7341693127578516e-08,
      "rmse": 0.00013168786249149355,
      "mae": 2.245756292521136e-05,
      "r2": 0.9999999784702082
    },
    "test": {
      "mse": 1.1064047498061715e-07,
      "rmse": 0.00033262662999317594,
      "mae": 2.5661873385257214e-05,
      "r2": 0.9999998596198006
    }
  }
}