{
  "Linear Regression": {
    "model": "Linear Regression",
    "languages": {
      "en": {
        "n_samples": 1500,
        "mse": 9.123965229786223e-30,
        "rmse": 3.02059021215825e-15,
        "mae": 2.6432189770275727e-15,
        "r2": 1.0
      },
      "es": {
        "n_samples": 1500,
        "mse": 1.7039527029591392e-29,
        "rmse": 4.127896198984586e-15,
        "mae": 3.209580749323019e-15,
        "r2": 1.0
      },
      "ru": {
        "n_samples": 774,
        "mse": 1.1007106668166179e-29,
        "rmse": 3.3176959879057902e-15,
        "mae": 3.0024791151749066e-15,
        "r2": 1.0
      }
    }
  },
  "Lasso Regression": {
    "model": "Lasso Regression",
    "languages": {
      "en": {
        "n_samples": 1500,
        "mse": 0.007756458997407643,
        "rmse": 0.08807076130820968,
        "mae": 0.07270844211937103,
        "r2": 0.9869035437771365
      },
      "es": {
        "n_samples": 1500,
        "mse": 0.013708113401127226,
        "rmse": 0.11708165270924059,
        "mae": 0.08529058900597197,
        "r2": 0.9858456110715205
      },
      "ru": {
        "n_samples": 774,
        "mse": 0.00772700434928374,
        "rmse": 0.08790338076140042,
        "mae": 0.07933023218826468,
        "r2": 0.9837077175137422
      }
    }
  },
  "Gradient Boosting": {
    "model": "Gradient Boosting",
    "languages": {
      "en": {
        "n_samples": 1500,
        "mse": 5.619796498743786e-10,
        "rmse": 2.370610996925431e-05,
        "mae": 1.8151110948150104e-05,
        "r2": 0.9999999990511209
      },
      "es": {
        "n_samples": 1500,
        "mse": 1.2441393667190935e-09,
        "rmse": 3.52723598121687e-05,
        "mae": 2.2013383821664214e-05,
        "r2": 0.9999999987153569
      },
      "ru": {
        "n_samples": 774,
        "mse": 5.359792946407739e-07,
        "rmse": 0.0007321060678896015,
        "mae": 4.72883307509551e-05,
        "r2": 0.9999988698950226
      }
    }
  },
  "Ridge Regression": {
    "model": "Ridge Regression",
    "languages": {
      "en": {
        "n_samples": 1500,
        "mse": 6.024191685590149e-08,
        "rmse": 0.00024544228823880675,
        "mae": 0.00015943276024638875,
        "r2": 0.999999898284046
      },
      "es": {
        "n_samples": 1500,
        "mse": 1.3138555993657804e-07,
        "rmse": 0.00036247146085806266,
        "mae": 0.00013451903056476677,
        "r2": 0.9999998643371075
      },
      "ru": {
        "n_samples": 774,
        "mse": 3.656275482575902e-08,
        "rmse": 0.0001912138980978083,
        "mae": 0.00013093302518159155,
        "r2": 0.9999999229079339
      }
    }
  },
  "Random Forest": {
    "model": "Random Forest",
    "languages": {
      "en": {
        "n_samples": 1500,
        "mse": 2.7327823691555038e-09,
        "rmse": 5.2276020976691635e-05,
        "mae": 1.6969697050943645e-06,
        "r2": 0.9999999953858114
      },
      "es": {
        "n_samples": 1500,
        "mse": 4.215131789300497e-09,
        "rmse": 6.492404631028859e-05,
        "mae": 4.239730646698211e-06,
        "r2": 0.9999999956476422
      },
      "ru": {
        "n_samples": 774,
        "mse": 1.1830303242859243e-06,
        "rmse": 0.0010876719745796177,
        "mae": 8.758841647076592e-05,
        "r2": 0.9999975055968184
      }
    }
  }
}